順位,タイトル,URL
1,【初心者向け】ブログの始め方完全ガイド！立ち上げから収入を ...,https://www.xserver.ne.jp/blog/start-guide-for-blog-beginners/
2,初心者は必見！ブログの始め方 - お名前.com,https://www.onamae.com/server/bepossible/Make_a_blog/How_to_start_blog/
3,【完全攻略】ブログの始め方！初心者でも成功できる方法を徹底解説,https://www.conoha.jp/lets-wp/how-to-start-blog/
4,【初心者でもできる】人気のWordPressでのブログの始め方,https://www.valuecommerce.ne.jp/stepup/wordpress-blog
5,hitodeblog｜完全初心者のためのブログの始め方,https://hitodeblog.com/
6,ブログの始め方の7STEPを初心者向けにプロが徹底解説【最短5分で ...,https://www.colorfulbox.jp/media/category/blog/
7,【ブログ初心者】最初の10記事を書くときの心構えやポイントを解説,https://takapon.net/the-first-10-articles/
8,【絶対に失敗しない】ブログの始め方｜誰も教えていない正しい ...,https://mixhost.jp/column/blog-start/
9,ブログの始め方と人気ブログの作り方を完全初心者向けに解説,https://unicorn-blog.jp/archives/1733
10,【ブログに何を書けばいい…？】初心者の悩みはこれで解決できます,https://yujiblog.org/what-should-i-write
11,ブログの始め方を初心者向けに解説！おすすめの ... - Tsuzuki Blog,https://www.tsuzukiblog.org/blog-starts/
12,【初心者向け】ブログの始め方を解説 - Shopify,https://www.shopify.com/jp/blog/how-to-start-a-blog
13,ブログ初心者が100記事を書くコツ5つ｜収益化するポイントも紹介,https://lolipop.jp/media/100-posts/
14,【初心者向け】雑記ブログの始め方・書き方から公開まで,https://lolipop.jp/media/miscellaneous-blog-features/
15,ブログの始め方を徹底解説！おススメや有料・無料の違いも紹介 ...,https://miya-system-works.com/blog/detail/blog-start-begginer/
16,ブログの始め方を完全解説 | 初心者でも失敗しない作り方を無料公開,https://i-fc.jp/web/blog-hajimekata/
17,【初心者ブログ】開始から半年でのアクセス数とここまでの棚卸し,https://minoharu.com/other/2617/
18,初心者のためのブログアフィリエイト戦略: 弱者がゼロから始めて ...,https://www.amazon.co.jp/%25E5%2588%259D%25E5%25BF%2583%25E8%2580%2585%25E3%2581%25AE%25E3%2581%259F%25E3%2582%2581%25E3%2581%25AE%25E3%2583%2596%25E3%2583%25AD%25E3%2582%25B0%25E3%2582%25A2%25E3%2583%2595%25E3%2582%25A3%25E3%2583%25AA%25E3%2582%25A8%25E3%2582%25A4%25E3%2583%2588%25E6%2588%25A6%25E7%2595%25A5-%25E5%25BC%25B1%25E8%2580%2585%25E3%2581%258C%25E3%2582%25BC%25E3%2583%25AD%25E3%2581%258B%25E3%2582%2589%25E5%25A7%258B%25E3%2582%2581%25E3%2581%25A6%25E6%2588%2590%25E3%2582%258A%25E4%25B8%258A%25E3%2581%258C%25E3%2582%258B%25E3%2580%2581%25E7%25A8%25BC%25E3%2581%2590%25E3%2581%259F%25E3%2582%2581%25E3%2581%25AE%25E6%2596%25B9%25E6%25B3%2595-%25E3%2582%25A2%25E3%2583%2595%25E3%2582%25A3%25E3%2583%25AA%25E3%2582%25A8%25E3%2582%25A4%25E3%2583%2588%25E3%2583%2596%25E3%2583%25AD%25E3%2582%25B0%25E5%25AE%259F%25E8%25B7%25B5%25E3%2582%25AC%25E3%2582%25A4%25E3%2583%2589%25E6%259C%25AC-Ken-ebook/dp/B08MZ4P8SF
19,矢口真里オフィシャルブログ 初心者です。 Powered by Ameba,https://ameblo.jp/mari-yaguchi/
20,#ブログ初心者 - Twitter Search / Twitter,https://twitter.com/search%3Fq%3D%2523%25E3%2583%2596%25E3%2583%25AD%25E3%2582%25B0%25E5%2588%259D%25E5%25BF%2583%25E8%2580%2585
21,ブログ初心者が最速で1円を稼ぐ方法。（うさんくさくないやつ）,https://wiz-t.jp/blog/1yen/
22,【ブログの始め方ガイド】初心者でも失敗しないブログの作り方と ...,https://shared.gmocloud.com/lp/iinkai/making/
23,ブログ初心者 人気ブログランキングとブログ検索 - にほんブログ村,https://blog.blogmura.com/blog_beginner/
24,#ブログ初心者 hashtag on Instagram • Photos and Videos,https://www.instagram.com/explore/tags/%25E3%2583%2596%25E3%2583%25AD%25E3%2582%25B0%25E5%2588%259D%25E5%25BF%2583%25E8%2580%2585/
25,【完全保存版】ブログの始め方・完全マニュアル! 超初心者に100万 ...,https://yossense.com/blog-beginners-should-think/
26,初心者でも失敗しないブログの書き方テンプレート!やりがちな12個 ...,https://socratesbiz.net/wp/ganbarebeginner/
27,ブログの基本【初心者入門編】 - デジタルリード,https://www.ntttp-dlead.com/post/blog_basic
28,【第1回】ブログで稼ぐ仕組みとは？初心者がWordPressを使って ...,https://www.youtube.com/watch%3Fv%3DfqO0iMWARmA
29,【2022年5月】WordPressブログの始め方を「完全初心者」向けに1 ...,https://azuki-rinrin.com/wordpress-set-up-top/
30,【ブログライティング】初心者向けブログ記事の書き方 総まとめ,https://webst8.com/blog/blog-writing/
31,ブログ初心者が『やるべきこと』と『やらなくてもいいこと』10選,https://sattoga.com/archives/8426/
32,無料ブログのおすすめはどこ?初心者向けサービスを徹底比較,https://blog-bootcamp.jp/start/blog-service/
33,無料ですぐに使える初心者向けWordPress「wpXブログ」,https://www.wpxblog.jp/
34,ブログ初心者が0から月5万を稼ぐ方法は？おすすめ16ステップ,https://tabinvest.net/blog-how-to-make-money/
35,【ブログの教科書】ブログ初心者が「0」から「月5万」稼げるよう ...,https://xn--9ckkn0019c8wwb.jp/blog-map
36,必ず来る初心者ブロガーの壁 「ブログ初心者に贈る」ブログ立上げ ...,https://kouziii.site/blog-5-months
37,初心者向けブログの始め方講座！WordPressで収益化する方法,https://www.rbbtoday.com/webcode/sidebusiness/how-to-start-a-blog/
38,【ブログ収入】初心者からはじめて1年の結果と6つの改善ポイント,https://igukozo.com/blog-income-beginner-4069.html
39,【体験談】ブログ初心者から始めて収益化できた5つのことをご紹介,https://igukozo.com/blog-beginner-challenge-10132.html
40,初心者向け｜技術ブログ｜C&S ENGINEER VOICE,https://licensecounter.jp/engineer-voice/blog/tag/cat892/
41,【0から始める】ブログの始め方！初心者から月100万円を目指す ...,https://ebloger.net/blog-start/
42,【初心者向け】副業ブログの始め方｜25枚の画像と図解で丁寧に解説,https://totonoesan.com/blog-start/
43,【2時間で出来る】WordPressブログを構築して初心者でも簡単に ...,https://www.udemy.com/course/wordpressrocket/
44,キャンプの初心者向け基本ブログ | そらのしたスタイル,https://www.soranoshita.net/blog/category/camp/camp-basic-infomation/
45,おすすめの無料ブログ17つを表で比較！初心者もできる注意点 - ZIUS,https://zius.speever.jp/web_site_creation/hp_freeblog17/
46,ブログ初心者 カテゴリーの記事一覧 - ノマド女子になりたくて,https://www.kooohaaaaa.com/archive/category/%25E3%2583%2596%25E3%2583%25AD%25E3%2582%25B0%25E5%2588%259D%25E5%25BF%2583%25E8%2580%2585
47,【初心者向け】企業がブログを書く目的とは？効果やメリットを解説,https://tokumei-gakari.com/blog/enterprise-blog-merit/
48,ブログ初心者向け！SEOに強いサイト設計のやり方7ステップ！,https://fukugyo-free.com/blog-site-plan/
49,ブログ初心者がやらなくて良いもの12選【稼ぎたいなら記事を ...,https://www.medaka-koutei.work/blog/blog-beginner-worst12/
50,ブログ・ホームページの基本的な作り方【超初心者向け】,https://wp-exp.com/blog/site-kihon/
51,ブログ初心者に贈る50のアドバイス ｜SEO Japan by アイオイクス,https://www.seojapan.com/blog/%25E3%2583%2596%25E3%2583%25AD%25E3%2582%25B0%25E5%2588%259D%25E5%25BF%2583%25E8%2580%2585%25E3%2581%25AB%25E8%25B4%2588%25E3%2582%258B50%25E3%2581%25AE%25E3%2582%25A2%25E3%2583%2589%25E3%2583%2590%25E3%2582%25A4%25E3%2582%25B9
52,WordPress初心者がブログを作り上げるまで【プロローグ】 | おいナビ,https://oinavi.net/wp-start/
53,ブログ初心者が覚えておくべき運営の基礎知識 - Naifix,https://naifix.com/category/blog/basic-knowledge/
54,アフィリエイトブログを始めよう！スタート方法や初心者に ...,https://affiliate.docomo.ne.jp/statics/guide/contens_004
55,【2022年】ブログ作成サービスのおすすめ人気ランキング19選,https://my-best.com/6910
56,ブログ初心者が月5万円稼ぐまでの5ステップ【再現性あり】,https://hadashifufu.com/blogmap/
57,ブログ本おすすめ10選｜ブログを始めたらまず読みたい初心者向け ...,https://onimaga.jp/blog-book10.html
58,初心者でもできた！ブログを始めてから月30万収益化するまでの5 ...,https://pj-morehappy.com/blog-steps/
59,【初心者】ブログの始め方を分かりやすく説明【失敗しない】,https://nkmrdai.com/wordpress-with-startup/
60,ブログを始めたい初心者におすすめ 無料ブログサービスの比較,https://blog.formzu.com/recommended_blog_service
61,スマホで簡単に作れる！初心者向けブログサイト21選【ブログの ...,https://kanemotilevel.com/sumaho-blog.html
62,WordPressとは  集客できるブログの作り方まとめ,https://lucy.ne.jp/bazubu/category/wordpress
63,【初心者向け】アフィリエイト始め方・稼ぎ方の教科書-無料ブログ ...,https://www.kagoya.jp/howto/rentalserver/affiliate/affiliate-01/
64,初心者向け の記事一覧 | フューチャー技術ブログ,https://future-architect.github.io/tags/%25E5%2588%259D%25E5%25BF%2583%25E8%2580%2585%25E5%2590%2591%25E3%2581%2591/
65,【動画講義400分】初心者でもブログで月10万円稼ぐロードマップ ...,https://www.extage-marketing.co.jp/web-school/blog-beginner/
66,【発表】完全初心者でもブログで稼げるジャンルとは【人生を収益 ...,https://manablog.org/blog-genre/
67,「ブログ」『初心者』セミナー・勉強会・イベント - こくちーずプロ,https://www.kokuchpro.com/s/q-%25E5%2588%259D%25E5%25BF%2583%25E8%2580%2585/tag-%25E3%2583%2596%25E3%2583%25AD%25E3%2582%25B0
68,初心者におすすめするブログの作り方と記事を書くコツ - Growth M&A,https://growth-ma.jp/column/article/column021/
69,ブログ初心者が最初の10記事を書くときに守るべき3つのこと！,https://kurone43.com/first-10article/
70,初心者のためのブログの作り方と進め方 - 大人の学習を応援する ...,https://want2study-en.com/howtoblog-andstart/
71,初心者だってNotionでブログをはじめたい！！知っておくといい ...,https://zenn.dev/herohoro/articles/53206c60c3e138
72,ブログ初心者がアクセスアップのために「やるべきこと」と「やっ ...,https://re-lifework.com/blog-beginner-access-up
73,ブログ初心者が最初にやること10選【月間売上100万円ブロガーが ...,https://hatarakupuro.com/blogsyosinsya-yarukoto/
74,稼げるブログの始め方を初心者向けに5ステップで詳しく解説,https://propagandes.info/start-blog-howto/
75,NEWブログ公開「家探し初心者でも簡単に分かる！いい物件を早く ...,https://econcept.jp/news/3937/
76,【ブログ初心者へ】ブログの始め方を1から紹介！稼ぐ方法も教えます,https://kiyoblo.net/blog-beginner-start
77,【ブロガーの僕が解説】初心者がブログで月1万円を稼ぐ3つの方法,https://isa-computer.com/blog-1/
78,ブログ初心者が3ヶ月で92記事書いた結果【最低3 ... - baribari Blog,https://baribariblog.com/blog-3month
79,【初心者必見】ブログの始め方ガイド！サイト開設から記事執筆 ...,https://mediafox.jp/blog-start/
80,【保存版】ブログ初心者が気をつけることリスト！全部まとめます。,https://ctime-channel.com/beginner-blogger-rist/
81,おすすめのレンタルサーバー5選【WordPressブログ初心者にはこれ ...,https://www.chobirich.com/lifehack/rental-server-trial/
82,今更聞けない？ブログ初心者が押さえておくべき9つのポイント,https://tcd-theme.com/2019/07/blog_media2.html
83,WordPressブログの始め方【初心者向け】収益化する副業戦略,https://webone-sendai.co.jp/blog/how-to-start-blog/
84,初心者向けの新ブログサービスで復活に賭けるライブドア,https://japan.cnet.com/article/20263587/
85,【徹底比較】ブログが作成できるおすすめサービス 18選 ... - Ferret,https://ferret-plus.com/1301
86,【初心者向け】旅ブログの始め方！失敗しない立ち上げから稼ぎ方 ...,https://gumiblog.net/travelblog-start/
87,ブログ初心者は最初に何を書けばいい？【好きなことで稼ぐ方法を ...,https://money-morisan.com/blog-what-to-write/
88,初心者向け。WordPressブログの始め方はエックスサーバーの ...,https://foodmation2018.com/how-to-start-wordpress/
89,【企業ブログ初心者向け】�@必要？企業ブログの役割について,https://apricot-design.com/staffblog/20210315-aboutblog/
90,ブログ初心者必見！SEO初心者でもアフィリエイトを売る方法 ...,https://webtan.impress.co.jp/u/2021/03/28/39596
91,ブログ初心者がはてなブログから始める3つの理由 - Sassyブログ,https://www.sassy-blog.com/entry/20211021/1634778304
92,パソコン音痴→ブログ初心者：月間300PV数になるまでにやったこと,https://pc-hanoji.com/archives/698
93,初心者がブログを1年継続してみた結果や収益 ... - TOMOKI BLOG,https://tomokiblog.org/blog-1year/
94,ブログ初心者の私が75日間で1万の収益化を達成できた5つの方法,https://blog-hiroponpu.com/blog-to-monetize/
95,キャンプ初心者向け総合情報ブログ Hyper Camp Creators | キャンプ ...,https://camp-in-japan.com/
96,【初心者向け】ブログを公開する5つの目安と読者が求める4つの事,https://up-blog.com/timing/
97,【初心者向け】ブログを始めるのに必要なもの7つをリスト化して ...,https://yuyakeliburary.com/blog/blog-start/
98,ブログ初心者の頃に知りたかった読まれるブログの書き方,https://mikotoniomakase.com/burogusyosinsyanokoronisiritakattayomareruburogunokakikata/
99,ブログの稼ぎ方とは？初心者が3ヶ月で5万稼ぐためにやった3つの方法,https://www.mazimazi-party.com/entry/blog-money/
100,ブログの始め方をわかりやすく解説【初心者向け】 - ネイネイの喜怒 ...,https://neyney-blog.com/blog-start-guide/
